<?xml version="1.0" encoding="UTF-8"?>
<manifest xmlns="http://www.imsglobal.org/xsd/imscp_v1p1" identifier="qtijs_manifest">
  <metadata>
    <schema>QTIv2.2 Package</schema>
    <schemaversion>1.0.0</schemaversion>
  </metadata>

  <organizations/>

  <resources>
    <!-- qti.JS Player -->
    <resource identifier="qtiJS" type="webcontent">
      <file href="favicon.ico" />
      <file href="index.html" />
      <file href="qti.js" />
      <file href="theme/core.css" />
      <file href="theme/images/arrow-left.svg" />
      <file href="theme/images/arrow-right.svg" />
      <file href="theme/images/bucket.png" />
      <file href="theme/images/pencil.png" />
      <file href="theme/images/warning-white.svg" />
      <file href="theme/nonlinear-continuous.css" />
      <file href="theme/nonlinear-slideshow.css" />
      <file href="theme/style.css" />
    </resource>
  </resources>
</manifest>
